"courier_id","sex","age_group","delivered_orders","avg_delivery_time_minutes"
1,female,"35-44",45,20.51
2,male,"25-34",35,19.91
3,male,"25-34",45,19.18
4,male,"18-24",31,19.87
5,female,"18-24",43,21.33
6,female,"25-34",29,18.55
7,male,"18-24",40,19.98
8,female,"25-34",37,20.35
9,male,"25-34",34,20.71
10,female,"25-34",34,19.85
11,male,"25-34",42,20.6
12,female,"25-34",39,19.05
13,male,"25-34",41,20.27
14,male,"25-34",40,19.82
15,female,"25-34",37,20.11
16,female,"25-34",36,20.44
17,male,"18-24",40,19.82
18,female,"25-34",34,20.97
19,male,"25-34",44,19.93
20,female,"25-34",42,19.86
21,male,"18-24",35,19.46
22,male,"25-34",37,20.41
23,male,"25-34",52,19.21
24,male,"35-44",38,19.89
25,male,"25-34",36,20.94
26,male,"25-34",36,19.0
27,female,"25-34",37,20.22
28,female,"18-24",37,20.24
29,female,"25-34",39,20.44
30,male,"25-34",31,20.84
31,female,"25-34",38,19.79
32,female,"25-34",39,19.69
33,male,"25-34",37,19.24
34,male,"25-34",31,19.52
35,female,"25-34",42,19.93
36,male,"25-34",32,20.72
37,female,"25-34",47,19.96
38,male,"25-34",35,19.69
40,male,"25-34",48,19.83
41,male,"25-34",45,20.42
42,male,"25-34",24,20.75
43,female,"35-44",40,20.25
44,male,"25-34",39,19.79
45,male,"25-34",36,19.47
46,male,"25-34",41,20.05
47,female,"25-34",41,20.02
48,female,"25-34",35,19.34
49,male,"25-34",38,20.82
50,female,"35-44",37,19.57
51,female,"25-34",34,19.18
52,male,"25-34",43,20.56
53,male,"25-34",36,18.97
54,male,"18-24",32,19.69
55,male,"25-34",48,20.02
56,male,"25-34",41,21.83
57,female,"25-34",37,19.57
58,male,"25-34",38,20.0
59,female,"25-34",43,20.05
60,male,"25-34",32,20.13
61,male,"25-34",36,19.81
62,male,"25-34",28,20.54
63,female,"25-34",42,20.07
64,female,"25-34",48,19.83
65,male,"25-34",41,20.27
66,male,"25-34",49,19.9
67,male,"25-34",44,19.84
68,male,"25-34",36,19.72
69,female,"25-34",36,19.31
70,male,"35-44",42,19.74
71,male,"25-34",34,20.41
72,male,"25-34",42,19.57
74,female,"35-44",41,19.54
75,male,"25-34",30,20.47
76,male,"25-34",28,21.21
77,female,"25-34",34,20.0
78,male,"35-44",27,19.59
79,female,"25-34",33,19.85
80,male,"25-34",32,20.34
81,male,"35-44",37,20.22
82,male,"35-44",33,20.58
83,male,"45+",38,19.61
84,female,"25-34",43,19.49
85,female,"35-44",36,20.42
86,female,"25-34",43,20.42
87,female,"25-34",23,19.43
88,male,"25-34",41,19.78
89,male,"25-34",44,19.48
90,male,"25-34",32,19.56
91,male,"25-34",41,19.61
92,female,"25-34",45,19.87
93,male,"35-44",30,19.53
94,male,"25-34",39,19.87
95,male,"18-24",33,18.82
97,male,"35-44",42,20.52
98,male,"25-34",33,19.94
99,female,"25-34",45,20.29
100,male,"25-34",40,20.73
101,male,"25-34",40,19.27
102,female,"25-34",41,19.71
103,female,"25-34",43,19.88
104,male,"25-34",39,20.08
105,female,"35-44",37,19.92
106,male,"25-34",39,19.62
107,male,"25-34",39,20.21
108,female,"35-44",32,20.13
109,female,"35-44",40,19.5
110,male,"25-34",30,20.8
111,female,"25-34",35,19.34
112,male,"25-34",42,19.88
113,female,"18-24",37,20.19
114,male,"25-34",45,20.56
115,male,"25-34",38,20.08
116,male,"25-34",34,20.59
117,male,"25-34",42,19.98
118,female,"25-34",35,20.63
119,female,"25-34",30,19.37
120,female,"18-24",25,20.28
121,female,"25-34",36,19.67
122,female,"25-34",30,20.13
123,male,"18-24",38,20.61
124,female,"25-34",40,19.55
125,female,"35-44",32,20.44
126,male,"25-34",40,19.82
127,male,"25-34",40,20.38
128,female,"25-34",35,20.63
129,male,"25-34",48,20.73
130,female,"35-44",40,20.18
131,female,"18-24",41,20.29
132,female,"35-44",41,19.41
133,male,"25-34",32,20.06
134,female,"35-44",35,19.8
135,male,"25-34",34,19.85
136,male,"25-34",40,20.57
137,male,"25-34",36,20.28
138,female,"35-44",36,20.47
139,male,"18-24",41,20.1
140,male,"25-34",48,20.15
141,female,"25-34",41,18.88
142,female,"18-24",41,20.37
143,female,"18-24",37,20.14
144,male,"35-44",38,20.13
145,male,"25-34",39,19.67
146,female,"35-44",39,19.82
147,male,"25-34",38,18.63
148,male,"25-34",33,20.48
149,male,"18-24",47,19.98
150,male,"25-34",34,19.68
151,male,"25-34",30,20.07
152,male,"25-34",43,19.91
153,female,"25-34",38,20.39
154,male,"25-34",32,19.53
155,female,"18-24",40,19.32
156,male,"25-34",33,19.73
157,male,"25-34",35,19.17
158,female,"25-34",43,20.88
159,male,"25-34",40,20.18
160,male,"35-44",46,20.11
161,male,"25-34",38,19.95
162,male,"18-24",34,19.0
163,female,"25-34",33,19.79
164,male,"25-34",44,19.48
165,female,"25-34",44,19.41
166,female,"25-34",40,20.4
167,male,"25-34",28,18.96
168,male,"25-34",30,20.5
169,male,"25-34",45,20.04
170,male,"25-34",35,20.17
171,female,"25-34",39,20.56
172,male,"25-34",38,20.13
173,male,"35-44",38,20.42
174,female,"25-34",44,19.43
175,male,"25-34",36,19.58
176,female,"25-34",35,19.94
177,female,"25-34",32,19.09
178,male,"25-34",33,20.09
179,male,"25-34",49,20.06
180,male,"25-34",34,20.62
181,male,"25-34",39,19.67
182,male,"35-44",41,19.9
183,male,"18-24",44,19.05
184,male,"25-34",38,19.95
185,male,"25-34",30,19.13
186,male,"25-34",32,19.41
187,male,"45+",32,19.66
188,male,"25-34",40,19.95
189,male,"25-34",33,19.61
190,male,"25-34",29,20.55
191,female,"25-34",42,20.0
192,male,"25-34",34,19.18
193,male,"25-34",38,19.87
194,female,"35-44",37,20.3
196,female,"25-34",33,19.94
197,female,"25-34",34,20.38
198,female,"25-34",33,19.52
199,male,"25-34",34,19.97
200,male,"45+",42,20.0
201,male,"25-34",33,20.48
202,male,"18-24",37,20.81
203,male,"25-34",50,20.8
204,male,"25-34",41,19.73
205,male,"25-34",34,19.91
206,male,"25-34",49,19.31
207,female,"25-34",40,20.05
208,male,"25-34",24,19.83
209,female,"25-34",35,19.86
210,male,"25-34",35,19.83
211,female,"25-34",38,20.92
212,female,"18-24",31,19.16
213,female,"25-34",43,18.56
214,male,"18-24",33,19.64
215,male,"25-34",36,20.44
216,male,"25-34",42,20.1
217,female,"25-34",42,19.17
218,male,"25-34",43,19.91
219,female,"18-24",32,20.56
220,female,"25-34",37,20.16
221,female,"25-34",43,19.56
222,female,"18-24",25,20.88
223,female,"25-34",47,20.21
224,male,"25-34",48,19.98
225,male,"18-24",31,19.94
226,female,"25-34",32,20.38
227,male,"25-34",30,19.53
228,male,"25-34",42,20.48
229,female,"25-34",39,19.79
230,female,"25-34",36,19.47
231,female,"25-34",39,21.03
232,male,"45+",34,20.44
233,male,"18-24",44,19.84
234,female,"25-34",48,19.63
235,male,"25-34",26,19.42
236,female,"35-44",46,19.5
238,male,"25-34",38,19.37
239,female,"25-34",38,19.71
240,male,"25-34",36,18.78
241,male,"25-34",38,19.71
242,male,"35-44",36,19.69
243,female,"25-34",44,20.11
244,male,"25-34",38,20.13
245,male,"25-34",38,20.42
246,male,"18-24",28,20.21
247,male,"25-34",42,19.55
248,female,"18-24",28,20.82
249,male,"25-34",24,20.96
250,male,"25-34",47,20.13
251,male,"25-34",34,20.09
252,male,"25-34",52,20.42
253,male,"25-34",33,19.24
254,male,"25-34",41,20.51
255,male,"25-34",43,19.37
256,male,"25-34",42,20.17
257,male,"25-34",34,20.41
258,male,"25-34",36,19.67
259,male,"25-34",46,20.07
260,female,"25-34",34,20.21
261,male,"25-34",41,20.27
262,male,"25-34",40,19.88
263,male,"25-34",32,19.38
264,male,"25-34",30,20.0
265,female,"25-34",41,20.34
266,female,"25-34",39,20.38
267,male,"25-34",21,19.76
268,male,"35-44",32,19.25
269,male,"35-44",31,19.74
270,female,"25-34",34,20.26
271,male,"25-34",42,19.69
272,female,"25-34",25,19.8
273,male,"25-34",36,20.64
274,female,"25-34",31,20.84
276,female,"25-34",50,20.34
277,male,"25-34",48,19.79
279,male,"25-34",42,20.0
280,male,"25-34",25,19.88
281,female,"25-34",31,19.03
282,female,"18-24",35,20.37
283,male,"25-34",35,19.89
284,male,"25-34",33,20.58
285,male,"25-34",40,20.52
286,male,"25-34",31,19.97
287,male,"25-34",39,20.23
288,male,"25-34",27,20.48
289,female,"35-44",37,18.86
290,male,"25-34",33,19.79
291,male,"25-34",52,20.23
292,female,"25-34",44,20.16
293,male,"25-34",40,20.68
294,male,"25-34",37,19.49
295,female,"25-34",39,19.77
296,male,"25-34",46,19.83
297,female,"25-34",38,20.21
298,female,"35-44",36,19.56
299,male,"25-34",38,20.29
300,female,"25-34",44,19.93
301,male,"25-34",33,20.64
302,male,"25-34",31,19.94
303,male,"35-44",30,19.67
304,male,"25-34",43,20.28
305,male,"25-34",43,19.72
306,female,"25-34",46,19.76
307,female,"25-34",32,20.47
308,female,"25-34",27,20.22
309,female,"25-34",27,19.3
310,male,"25-34",49,19.92
311,male,"25-34",40,19.48
312,male,"25-34",36,19.86
313,male,"18-24",31,20.55
314,male,"25-34",27,20.11
315,male,"18-24",42,19.76
316,female,"25-34",33,20.42
317,male,"25-34",44,20.59
318,female,"25-34",34,19.65
319,female,"25-34",39,20.23
320,female,"35-44",37,20.51
321,male,"25-34",41,20.37
322,female,"25-34",41,20.78
323,male,"25-34",37,18.89
324,male,"25-34",26,20.92
325,female,"25-34",37,19.97
326,female,"25-34",37,20.22
327,female,"18-24",39,20.13
328,male,"25-34",29,19.52
329,female,"35-44",49,19.43
330,female,"25-34",40,20.32
331,female,"25-34",43,20.0
332,male,"25-34",35,19.94
333,male,"25-34",38,20.32
334,female,"25-34",44,20.11
335,female,"25-34",28,18.71
336,male,"18-24",41,19.68
337,male,"25-34",34,19.59
338,male,"25-34",33,20.15
339,male,"35-44",35,20.34
340,female,"25-34",45,20.09
341,female,"25-34",36,20.19
342,male,"25-34",32,20.31
343,female,"25-34",42,19.57
344,male,"35-44",32,19.53
345,male,"25-34",23,20.09
346,female,"25-34",39,19.51
347,male,"35-44",37,20.05
348,male,"18-24",40,19.68
349,male,"25-34",40,20.2
350,male,"25-34",36,19.72
351,male,"35-44",47,19.81
352,male,"35-44",42,20.98
353,male,"25-34",40,19.98
354,female,"35-44",40,20.63
355,male,"25-34",29,20.34
356,male,"25-34",49,20.24
357,male,"25-34",37,20.92
358,male,"25-34",33,20.12
359,male,"35-44",41,19.66
360,female,"25-34",14,20.5
361,male,"25-34",43,19.88
362,male,"25-34",38,20.24
363,male,"25-34",23,19.57
364,male,"35-44",39,19.87
365,female,"25-34",38,18.92
366,male,"25-34",31,19.94
367,female,"25-34",40,19.2
368,female,"25-34",37,20.0
370,male,"25-34",30,20.2
371,male,"25-34",27,19.89
372,female,"25-34",34,19.62
373,male,"18-24",31,20.19
374,female,"18-24",34,19.44
375,male,"25-34",27,20.07
376,male,"18-24",43,20.05
377,male,"18-24",40,19.65
378,male,"25-34",36,20.42
379,male,"25-34",32,20.06
380,female,"25-34",30,18.77
381,female,"25-34",37,19.84
382,female,"25-34",45,19.53
383,female,"25-34",35,19.63
384,male,"35-44",36,19.22
385,male,"25-34",27,19.81
386,male,"35-44",36,19.97
387,female,"25-34",28,20.64
388,female,"25-34",36,19.36
389,male,"35-44",32,19.13
390,female,"25-34",36,20.0
391,female,"25-34",40,19.2
392,male,"25-34",40,20.32
393,female,"35-44",30,21.27
394,male,"25-34",40,19.85
395,male,"18-24",33,19.85
396,female,"25-34",43,19.79
397,male,"25-34",27,19.15
398,male,"25-34",38,20.68
399,male,"25-34",43,19.74
400,male,"25-34",31,19.81
401,female,"25-34",38,19.58
402,female,"25-34",42,19.55
403,female,"35-44",35,20.54
404,female,"25-34",32,20.34
405,female,"18-24",37,20.46
406,female,"35-44",39,20.31
407,male,"25-34",30,21.23
408,male,"25-34",29,19.93
409,male,"25-34",30,19.93
410,male,"25-34",33,20.76
411,male,"45+",28,20.25
412,male,"25-34",26,19.27
413,male,"25-34",36,20.11
414,male,"25-34",31,20.29
415,male,"25-34",30,20.37
416,male,"25-34",25,19.36
417,male,"18-24",34,20.18
418,male,"25-34",34,20.12
419,male,"35-44",26,20.15
420,male,"25-34",32,20.25
421,female,"25-34",35,19.26
422,female,"25-34",27,19.59
423,male,"25-34",34,19.97
424,male,"18-24",30,19.97
425,female,"35-44",47,20.21
426,female,"25-34",32,20.34
427,female,"25-34",37,19.86
428,male,"25-34",26,20.38
429,female,"25-34",23,20.35
430,male,"18-24",31,19.48
431,male,"25-34",43,19.95
432,male,"18-24",48,20.35
433,male,"25-34",27,20.3
434,male,"25-34",45,20.6
435,male,"25-34",31,20.42
436,male,"25-34",40,20.65
437,male,"25-34",33,19.88
438,male,"25-34",32,19.75
439,male,"25-34",36,19.03
440,female,"18-24",25,19.84
441,male,"25-34",33,20.64
442,male,"18-24",22,19.27
443,male,"25-34",34,19.85
444,female,"25-34",40,19.57
445,female,"25-34",47,19.7
446,male,"25-34",36,19.69
447,male,"18-24",33,20.88
448,male,"25-34",30,20.23
449,female,"25-34",35,19.94
450,male,"45+",29,20.0
451,male,"25-34",36,19.36
452,female,"25-34",36,20.64
453,female,"25-34",34,20.35
454,male,"25-34",29,19.28
455,male,"35-44",34,19.62
456,female,"25-34",36,20.11
457,female,"18-24",43,20.23
458,male,"25-34",37,20.51
459,male,"25-34",39,20.36
460,female,"25-34",32,20.59
461,female,"25-34",40,19.77
462,female,"25-34",31,20.13
463,male,"25-34",35,19.97
464,female,"25-34",41,19.73
465,female,"25-34",38,19.5
466,male,"25-34",37,20.73
467,male,"45+",28,18.96
468,female,"25-34",35,20.6
469,male,"25-34",27,20.56
470,male,"25-34",29,20.31
471,female,"25-34",38,20.58
472,male,"25-34",36,20.39
473,female,"25-34",35,20.49
474,male,"25-34",27,18.96
475,male,"25-34",29,20.34
476,male,"25-34",37,20.41
477,female,"25-34",38,19.58
478,female,"25-34",37,20.27
479,female,"25-34",30,19.9
480,male,"25-34",38,20.32
481,male,"45+",30,20.63
482,male,"25-34",37,19.3
483,male,"25-34",30,20.13
484,male,"25-34",32,20.53
485,male,"25-34",30,20.17
486,female,"25-34",37,19.92
487,male,"25-34",33,20.21
488,female,"25-34",33,20.21
489,male,"25-34",37,19.81
490,male,"25-34",24,19.5
491,female,"25-34",39,19.0
492,female,"25-34",54,19.7
493,female,"45+",44,19.84
494,female,"18-24",35,20.26
495,male,"25-34",44,20.16
496,female,"35-44",28,19.39
497,male,"35-44",35,20.03
498,male,"25-34",37,20.81
499,female,"25-34",39,20.15
500,female,"25-34",32,19.06
501,female,"18-24",51,19.92
502,female,"25-34",41,19.22
503,male,"25-34",32,19.31
504,male,"35-44",44,19.11
505,male,"35-44",36,19.39
506,male,"25-34",31,19.1
507,female,"25-34",32,19.84
508,male,"25-34",43,19.58
509,female,"18-24",29,20.52
510,male,"25-34",33,20.27
511,male,"25-34",32,20.5
512,male,"25-34",28,19.43
513,male,"35-44",30,20.1
514,female,"25-34",37,20.08
515,female,"25-34",44,19.5
516,male,"18-24",29,19.76
517,male,"25-34",25,20.36
518,female,"25-34",34,20.12
519,male,"25-34",34,20.62
520,female,"25-34",39,20.49
521,male,"25-34",26,20.08
522,male,"25-34",33,19.58
523,male,"25-34",35,19.0
524,male,"25-34",41,19.78
525,female,"25-34",39,19.77
526,male,"25-34",39,20.31
527,female,"25-34",36,19.69
528,male,"25-34",36,19.89
529,male,"25-34",36,19.61
530,male,"25-34",35,19.57
531,female,"25-34",43,20.12
532,male,"25-34",42,20.5
533,female,"35-44",40,20.27
534,male,"25-34",26,20.04
535,female,"25-34",38,19.55
536,male,"25-34",34,20.38
537,male,"25-34",37,19.78
538,male,"25-34",35,19.17
539,male,"25-34",25,20.36
540,female,"25-34",38,19.71
541,female,"25-34",35,20.54
542,female,"18-24",34,20.56
543,male,"25-34",37,19.51
544,female,"25-34",24,20.29
545,male,"25-34",24,19.58
546,female,"25-34",40,20.25
547,male,"25-34",36,19.78
548,male,"25-34",36,19.53
549,male,"25-34",29,20.14
550,male,"25-34",26,19.58
551,male,"35-44",37,20.68
552,male,"25-34",30,19.77
553,male,"25-34",37,19.54
554,male,"25-34",30,19.8
555,male,"25-34",42,19.81
556,female,"25-34",33,19.39
557,male,"25-34",30,21.03
558,male,"25-34",30,19.43
559,male,"25-34",34,20.32
560,male,"25-34",36,19.5
561,male,"25-34",36,20.53
562,female,"25-34",37,19.62
563,male,"25-34",28,20.61
564,male,"25-34",28,19.36
565,male,"18-24",35,20.23
566,male,"25-34",23,20.43
567,female,"25-34",33,20.85
568,male,"25-34",46,19.78
569,male,"18-24",44,20.02
570,male,"35-44",34,19.65
571,female,"18-24",29,19.83
572,female,"18-24",40,19.05
573,male,"25-34",37,20.08
574,female,"25-34",34,20.21
575,female,"25-34",40,19.93
576,female,"25-34",41,19.68
577,male,"25-34",31,19.77
578,female,"25-34",30,20.17
579,female,"25-34",40,19.55
580,male,"25-34",31,19.97
581,male,"25-34",35,19.89
582,male,"25-34",30,19.7
583,male,"25-34",31,19.81
584,male,"35-44",33,20.39
585,female,"25-34",34,20.62
586,female,"25-34",28,20.14
587,female,"25-34",36,19.89
588,male,"25-34",42,20.36
589,male,"25-34",38,20.29
590,female,"25-34",43,19.65
591,male,"25-34",31,20.1
593,female,"18-24",36,20.44
594,male,"25-34",28,19.5
595,female,"25-34",35,19.69
596,female,"25-34",31,19.87
597,male,"25-34",33,20.55
598,male,"25-34",32,19.81
599,female,"25-34",30,20.0
600,female,"25-34",36,19.39
601,female,"25-34",37,19.35
602,female,"25-34",23,20.04
603,female,"18-24",31,19.29
604,female,"18-24",32,19.69
605,female,"25-34",36,20.44
606,male,"25-34",23,19.48
607,male,"18-24",40,20.18
608,male,"25-34",35,19.77
609,female,"25-34",33,20.18
610,female,"25-34",31,20.19
611,male,"25-34",34,21.35
612,male,"25-34",27,19.33
613,male,"25-34",30,20.67
614,female,"25-34",26,21.04
615,male,"25-34",27,19.26
616,female,"35-44",35,19.14
617,female,"25-34",31,20.32
618,male,"25-34",31,19.94
619,female,"25-34",27,21.15
620,female,"25-34",30,20.6
621,female,"18-24",31,19.42
622,male,"25-34",38,19.21
623,female,"25-34",39,20.36
624,female,"25-34",23,19.96
625,female,"25-34",29,18.83
626,female,"35-44",32,19.75
627,male,"25-34",33,19.67
628,male,"25-34",35,20.34
629,male,"25-34",30,19.57
630,female,"25-34",30,19.9
631,female,"25-34",26,20.27
632,male,"25-34",43,20.07
633,male,"25-34",28,19.79
634,male,"25-34",29,19.97
635,female,"25-34",30,21.27
636,female,"25-34",29,19.72
637,male,"25-34",43,19.51
638,male,"25-34",31,20.19
639,male,"18-24",28,20.04
640,male,"25-34",35,19.8
641,female,"35-44",27,19.96
642,male,"18-24",41,20.34
643,male,"25-34",25,20.48
644,female,"25-34",30,19.57
645,male,"25-34",34,20.56
646,male,"18-24",42,20.38
647,male,"25-34",29,20.28
648,male,"25-34",35,19.69
649,female,"25-34",30,20.23
650,female,"25-34",37,19.57
651,female,"25-34",27,19.59
652,female,"25-34",31,20.39
653,male,"25-34",34,20.18
654,female,"25-34",28,19.93
655,male,"35-44",30,19.33
656,male,"18-24",35,20.03
657,male,"25-34",30,19.47
658,male,"25-34",35,21.17
659,female,"25-34",32,21.16
660,male,"35-44",36,19.89
661,female,"25-34",39,18.79
662,female,"18-24",30,19.87
663,female,"25-34",27,18.48
664,male,"35-44",33,20.09
665,female,"25-34",35,19.49
666,male,"25-34",32,20.13
667,male,"25-34",35,19.91
668,male,"25-34",35,20.46
670,female,"25-34",33,20.52
671,male,"35-44",36,20.33
672,female,"25-34",34,20.29
673,male,"35-44",32,20.66
674,female,"25-34",29,18.9
675,female,"25-34",34,21.18
676,male,"25-34",36,20.06
677,male,"18-24",20,19.55
678,female,"25-34",32,19.75
679,female,"25-34",32,20.06
680,male,"25-34",28,20.46
681,male,"25-34",25,18.88
682,male,"25-34",34,20.88
683,female,"18-24",27,20.56
684,male,"25-34",30,20.3
685,female,"25-34",37,20.16
686,female,"25-34",33,20.61
687,female,"35-44",24,19.29
688,female,"25-34",23,19.57
689,male,"25-34",42,20.05
690,male,"25-34",34,19.65
691,female,"25-34",37,19.95
692,male,"18-24",30,20.37
693,female,"25-34",38,19.71
695,female,"25-34",23,19.74
696,female,"25-34",35,19.6
697,male,"25-34",30,19.77
698,male,"25-34",27,19.11
699,male,"25-34",30,19.93
700,female,"25-34",24,19.04
701,male,"25-34",37,19.22
702,female,"25-34",29,19.52
703,female,"25-34",25,19.76
704,male,"25-34",33,21.15
705,female,"25-34",24,20.79
706,female,"25-34",29,20.21
707,male,"25-34",26,20.19
708,female,"25-34",53,20.43
709,female,"25-34",31,19.35
710,female,"25-34",39,20.56
711,female,"25-34",37,19.68
712,male,"25-34",46,20.15
713,female,"25-34",23,20.22
714,female,"35-44",37,19.92
715,male,"35-44",25,19.0
716,male,"35-44",35,20.17
717,female,"18-24",20,20.35
718,male,"25-34",44,19.95
719,male,"25-34",37,20.81
720,male,"25-34",25,19.6
721,male,"25-34",34,19.68
722,male,"25-34",30,18.6
724,female,"25-34",26,19.46
725,male,"25-34",32,20.13
726,male,"45+",28,19.82
727,female,"25-34",34,18.79
728,male,"25-34",39,19.62
729,male,"25-34",39,20.59
730,male,"25-34",29,19.86
731,male,"35-44",36,19.47
732,female,"25-34",28,19.54
733,female,"18-24",35,19.77
734,female,"25-34",27,19.11
735,female,"25-34",27,20.78
736,male,"25-34",29,19.45
737,female,"25-34",25,19.88
738,female,"25-34",34,20.24
739,female,"25-34",30,20.13
740,female,"25-34",27,19.96
741,male,"18-24",22,19.82
742,male,"18-24",24,20.29
743,female,"25-34",27,18.41
744,male,"25-34",31,20.0
745,male,"25-34",34,19.41
746,male,"25-34",41,19.61
747,male,"25-34",42,19.86
748,female,"25-34",34,19.91
749,male,"25-34",41,19.9
750,male,"25-34",29,20.1
751,male,"25-34",34,20.38
752,male,"25-34",32,20.44
753,female,"25-34",38,19.29
754,male,"25-34",30,20.33
755,male,"25-34",22,20.14
756,male,"25-34",39,20.0
757,female,"25-34",32,19.69
758,female,"25-34",33,20.0
759,male,"25-34",28,19.07
760,male,"25-34",38,20.26
761,male,"25-34",39,20.44
762,female,"25-34",28,18.89
763,male,"25-34",36,19.97
764,male,"25-34",37,19.57
765,female,"35-44",35,19.94
766,male,"25-34",24,21.21
767,female,"25-34",31,19.52
768,male,"35-44",34,18.76
769,male,"25-34",29,20.69
770,female,"25-34",26,19.77
771,male,"25-34",34,20.12
772,female,"25-34",32,20.38
773,male,"35-44",39,19.28
774,male,"25-34",36,20.25
775,female,"25-34",22,18.91
776,male,"25-34",32,19.41
777,male,"25-34",38,19.68
778,male,"25-34",36,19.22
779,female,"25-34",36,19.33
780,female,"25-34",21,20.14
781,male,"18-24",31,19.45
782,male,"25-34",26,18.73
783,female,"25-34",43,19.26
784,female,"25-34",40,19.85
785,female,"25-34",38,19.18
786,male,"25-34",39,19.62
787,male,"25-34",28,20.5
788,male,"25-34",32,19.75
789,male,"25-34",28,19.07
790,male,"45+",34,20.47
791,female,"25-34",39,19.64
792,male,"25-34",34,20.85
793,female,"25-34",40,20.63
794,female,"25-34",27,20.0
795,male,"25-34",28,19.75
796,female,"25-34",25,19.88
797,male,"25-34",44,19.86
798,male,"25-34",39,19.97
799,female,"25-34",27,20.85
800,female,"25-34",35,19.49
801,male,"25-34",30,19.9
802,male,"25-34",25,20.16
803,female,"25-34",35,20.49
804,male,"25-34",20,19.9
805,male,"25-34",28,20.14
806,female,"25-34",29,20.17
807,male,"18-24",24,20.96
808,male,"35-44",28,20.04
809,male,"25-34",38,20.89
810,female,"35-44",33,19.82
811,female,"25-34",39,19.85
812,male,"25-34",26,20.54
813,male,"25-34",22,19.64
814,female,"25-34",29,20.21
815,male,"25-34",32,19.72
816,male,"25-34",32,19.97
817,male,"25-34",39,19.95
818,female,"25-34",30,19.87
819,male,"25-34",27,19.11
820,female,"25-34",32,19.66
821,male,"25-34",20,18.9
822,female,"25-34",34,19.56
823,male,"25-34",20,20.1
824,male,"25-34",27,19.22
825,male,"25-34",37,18.73
826,female,"25-34",39,19.9
827,female,"18-24",14,18.43
828,female,"25-34",26,21.08
829,male,"25-34",34,19.47
830,male,"25-34",25,19.76
831,male,"25-34",33,20.27
832,male,"18-24",30,19.37
833,male,"25-34",27,19.59
834,male,"25-34",24,19.71
835,male,"18-24",19,21.84
836,male,"25-34",26,19.85
837,male,"35-44",22,20.41
838,male,"25-34",33,20.67
839,male,"25-34",33,20.58
840,male,"25-34",27,20.22
841,male,"25-34",34,20.56
842,female,"25-34",31,19.9
843,male,"25-34",33,20.55
844,female,"25-34",23,20.61
845,male,"18-24",27,20.04
846,male,"25-34",31,20.42
847,female,"25-34",32,19.22
848,male,"25-34",37,20.49
849,male,"45+",34,19.74
850,female,"25-34",20,19.55
851,male,"25-34",29,20.34
852,female,"25-34",32,20.28
853,male,"18-24",27,19.96
854,male,"35-44",24,19.33
855,female,"25-34",17,19.47
856,male,"25-34",32,19.34
857,male,"18-24",15,20.33
858,male,"25-34",30,20.73
859,female,"25-34",34,19.29
860,female,"25-34",39,19.28
861,male,"25-34",31,20.06
862,male,"25-34",34,19.18
863,female,"25-34",34,19.82
865,female,"25-34",31,18.97
866,male,"35-44",26,19.88
867,male,"25-34",30,19.23
868,male,"25-34",24,19.5
869,female,"18-24",41,19.85
870,male,"35-44",28,19.54
871,female,"25-34",30,19.57
872,male,"25-34",22,19.18
873,female,"25-34",34,19.65
874,female,"25-34",23,19.35
875,male,"25-34",29,20.17
876,female,"25-34",28,19.29
877,male,"25-34",37,20.19
878,male,"25-34",35,19.4
879,female,"25-34",29,19.76
880,female,"25-34",30,20.17
881,male,"35-44",33,20.39
882,female,"25-34",33,19.61
883,male,"25-34",30,19.6
884,male,"25-34",28,20.29
885,male,"18-24",28,20.79
886,female,"18-24",30,19.37
887,female,"25-34",27,18.74
888,male,"25-34",27,19.33
889,female,"25-34",11,19.64
890,male,"25-34",36,19.47
891,male,"35-44",23,19.61
892,male,"25-34",29,20.69
893,male,"35-44",36,19.64
894,female,"25-34",26,19.96
895,female,"25-34",24,19.58
896,female,"25-34",36,19.97
897,male,"25-34",35,19.31
898,female,"18-24",36,19.64
899,male,"25-34",29,18.69
900,female,"25-34",31,20.87
901,female,"35-44",29,20.69
902,male,"25-34",25,20.72
903,female,"25-34",30,19.97
904,male,"25-34",35,20.14
905,female,"35-44",20,19.85
906,male,"18-24",26,19.96
907,male,"25-34",24,19.13
908,male,"25-34",34,19.26
909,female,"18-24",27,19.96
910,male,"25-34",15,20.2
911,male,"25-34",39,18.77
912,male,"25-34",24,19.17
913,female,"25-34",33,20.15
914,male,"25-34",32,19.97
915,male,"35-44",23,19.96
916,female,"25-34",29,19.69
917,female,"25-34",22,20.0
918,female,"25-34",32,20.59
919,male,"25-34",38,20.42
920,female,"25-34",36,20.94
921,male,"25-34",34,20.06
922,male,"25-34",26,20.0
923,male,"25-34",29,19.76
924,male,"25-34",22,20.41
925,male,"35-44",32,19.44
926,male,"35-44",29,20.31
927,male,"35-44",25,19.68
928,male,"25-34",21,18.95
929,female,"25-34",29,20.17
930,female,"25-34",27,19.74
931,male,"25-34",30,19.87
932,male,"25-34",26,19.38
933,male,"25-34",20,20.45
934,male,"25-34",25,19.0
935,female,"25-34",31,19.65
936,female,"25-34",27,20.52
937,male,"25-34",23,19.61
938,male,"25-34",38,19.76
939,female,"25-34",30,20.43
940,male,"35-44",28,20.29
941,female,"25-34",29,19.48
942,female,"35-44",32,19.19
943,male,"18-24",29,19.55
944,female,"25-34",41,19.76
945,male,"18-24",34,19.88
946,male,under 18,28,19.82
947,male,"25-34",29,20.31
948,male,"25-34",32,19.59
949,female,"25-34",23,20.04
950,male,"25-34",35,20.89
951,female,"35-44",29,20.93
952,female,"35-44",29,18.97
953,female,"25-34",31,19.97
954,male,"35-44",25,19.4
955,male,"18-24",24,19.92
956,male,"25-34",22,20.41
957,male,"35-44",39,20.44
958,male,"35-44",25,19.48
959,male,"18-24",28,19.14
960,female,"35-44",38,20.45
961,male,"25-34",30,20.17
962,male,"25-34",22,20.55
963,female,"18-24",32,18.38
964,female,"25-34",26,20.54
965,female,"35-44",37,19.76
966,female,"25-34",28,19.54
967,male,"25-34",29,19.14
968,female,"25-34",30,20.2
969,female,"25-34",17,20.12
970,female,"25-34",33,19.94
971,female,"25-34",27,21.04
972,male,"25-34",39,19.77
973,male,"25-34",41,19.66
974,female,"25-34",26,20.12
975,female,"25-34",21,20.0
976,male,"25-34",28,19.75
977,male,"25-34",16,20.88
978,female,"25-34",34,20.15
979,male,"18-24",33,19.48
980,male,"25-34",34,19.79
981,male,"25-34",25,21.04
982,male,"25-34",32,20.63
984,male,"25-34",28,20.75
985,female,"25-34",29,20.1
986,male,"25-34",25,21.0
987,female,"25-34",16,20.19
988,male,"25-34",31,19.42
989,male,"25-34",30,18.97
990,female,"25-34",33,20.12
992,female,"25-34",24,19.75
993,male,"25-34",34,19.91
994,female,"25-34",33,19.67
995,female,"25-34",29,19.38
996,male,"25-34",26,19.0
997,female,"25-34",18,18.5
998,female,"25-34",28,19.46
999,female,"25-34",26,20.81
1000,male,"25-34",33,20.52
1001,female,"25-34",28,20.86
1002,male,"25-34",31,19.68
1003,male,"25-34",29,19.72
1004,female,"25-34",27,19.74
1005,female,"25-34",24,19.46
1006,female,"25-34",14,19.29
1007,female,"25-34",28,19.36
1008,male,"35-44",26,20.65
1009,male,"25-34",25,19.84
1010,male,"18-24",19,19.47
1012,female,"25-34",29,20.86
1013,male,"35-44",19,20.47
1014,male,"25-34",23,18.78
1015,male,"35-44",34,20.47
1018,male,"25-34",15,21.07
1022,male,"25-34",22,19.86
1023,male,"35-44",23,20.39
1024,male,"25-34",26,19.19
1025,female,"25-34",21,20.14
1026,female,"35-44",34,20.09
1027,female,"25-34",27,20.41
1028,male,"25-34",21,21.14
1029,female,"25-34",30,19.0
1031,female,"25-34",37,19.46
1032,female,"25-34",22,20.41
1033,male,"25-34",27,19.89
1034,female,"25-34",20,19.55
1035,male,"18-24",16,20.63
1036,female,"25-34",20,20.15
1037,female,"25-34",20,21.05
1038,male,"25-34",22,21.45
1039,male,"25-34",20,19.75
1040,female,"25-34",22,21.23
1041,male,"25-34",17,19.47
1043,male,"25-34",20,19.25
1044,female,"18-24",33,19.33
1047,male,"25-34",22,19.95
1048,male,"25-34",29,19.59
1049,female,"25-34",28,20.07
1050,female,"25-34",29,20.48
1051,male,"18-24",22,19.23
1052,female,"35-44",16,18.94
1053,male,"18-24",25,20.04
1054,male,"25-34",24,19.5
1055,female,"25-34",29,20.0
1057,male,"25-34",24,19.54
1058,male,"25-34",19,20.32
1059,male,"25-34",24,20.08
1060,female,"25-34",15,20.87
1063,female,"18-24",18,19.61
1064,female,"25-34",17,18.41
1065,male,"25-34",22,22.14
1067,male,"25-34",21,20.14
1069,male,"25-34",16,18.88
1070,female,"25-34",27,20.48
1071,male,"25-34",26,18.23
1073,male,"25-34",13,20.38
1075,male,"25-34",20,19.45
1076,female,"25-34",19,19.79
1077,female,"35-44",14,19.36
1078,female,"25-34",14,19.57
1081,female,"25-34",12,19.75
1082,female,"25-34",30,19.87
1083,male,"18-24",28,21.46
1084,female,"35-44",24,19.25
1085,female,"25-34",18,18.06
1086,female,"25-34",29,19.66
1088,male,"25-34",32,19.94
1089,female,"35-44",25,20.08
1090,male,"25-34",29,19.62
1091,female,"25-34",23,19.26
1093,male,"25-34",32,19.78
1094,male,"25-34",23,20.61
1095,male,"25-34",19,20.84
1096,male,"35-44",18,20.5
1097,female,"25-34",25,20.56
1098,male,"25-34",24,19.29
1099,male,"25-34",18,20.83
1100,female,"35-44",22,19.91
1101,male,"25-34",25,20.56
1102,female,"35-44",25,19.08
1103,female,"25-34",20,20.75
1104,female,"18-24",25,20.92
1105,female,"25-34",22,20.73
1106,female,"25-34",29,20.07
1108,male,"25-34",29,19.45
1109,male,"25-34",25,20.64
1110,female,"25-34",20,19.1
1111,male,"25-34",33,19.67
1112,male,"18-24",26,20.31
1113,female,"25-34",35,19.34
1114,male,"18-24",22,19.95
1117,male,"25-34",36,19.75
1118,male,"18-24",27,20.89
1119,male,"25-34",33,20.24
1120,female,"25-34",23,20.35
1121,female,"25-34",17,19.88
1125,female,"18-24",17,19.88
1127,male,"25-34",20,20.4
1129,female,"25-34",30,19.83
1130,male,"25-34",27,19.74
1131,female,"25-34",20,19.8
1132,male,"25-34",23,19.43
1133,male,"18-24",32,19.94
1134,male,"35-44",16,20.81
1135,male,"25-34",24,19.58
1136,male,"25-34",22,19.95
1137,male,"25-34",21,19.29
1138,male,"18-24",33,21.24
1140,female,"25-34",11,20.27
1141,male,"25-34",23,19.96
1142,male,"25-34",25,20.88
1143,female,"35-44",27,19.3
1144,male,"25-34",23,19.65
1145,female,"25-34",31,19.32
1146,male,"25-34",25,19.44
1147,male,"25-34",21,21.19
1149,male,"35-44",30,20.43
1150,female,"25-34",21,19.33
1151,male,"25-34",24,19.58
1152,male,"25-34",26,19.77
1153,male,"25-34",21,20.14
1154,male,"25-34",27,19.56
1155,female,"35-44",30,20.57
1157,male,"35-44",25,19.72
1160,female,"25-34",30,20.6
1161,male,"25-34",15,19.87
1162,male,"25-34",24,20.25
1163,male,"18-24",27,19.93
1164,male,"25-34",18,20.11
1166,female,"25-34",15,19.67
1167,male,"25-34",25,20.08
1169,male,"25-34",23,18.87
1170,female,"25-34",26,19.88
1171,male,"25-34",30,20.6
1172,male,"25-34",20,20.8
1174,female,"25-34",13,20.15
1176,female,"18-24",26,19.88
1177,male,"25-34",25,19.24
1178,female,"25-34",41,19.56
1179,female,"25-34",19,20.05
1182,female,"25-34",22,20.32
1183,female,"25-34",27,20.85
1184,female,"25-34",36,20.33
1185,female,"25-34",20,20.75
1186,male,"35-44",32,20.0
1187,male,"35-44",39,19.97
1188,male,"25-34",28,20.32
1189,female,"18-24",29,20.45
1191,male,"18-24",34,20.03
1192,male,"25-34",26,20.0
1194,male,"25-34",21,20.33
1195,male,"25-34",35,20.09
1198,male,"35-44",35,20.74
1199,female,"25-34",22,19.18
1203,male,"25-34",20,20.15
1204,female,"25-34",26,20.69
1205,male,"25-34",18,19.28
1206,male,"25-34",21,19.71
1208,female,"25-34",16,19.69
1209,male,"25-34",25,20.36
1210,female,"25-34",17,20.12
1212,male,"25-34",15,20.0
1213,female,"18-24",27,20.0
1214,male,"35-44",16,18.69
1215,male,"25-34",23,19.43
1216,female,"25-34",26,19.27
1219,female,"18-24",30,20.4
1221,female,"25-34",22,19.82
1222,female,"25-34",18,20.72
1223,female,"25-34",21,19.67
1225,male,"25-34",24,20.33
1226,female,"25-34",24,20.13
1227,male,"25-34",19,20.89
1228,female,"35-44",22,18.95
1229,male,"25-34",23,19.61
1230,male,"25-34",17,18.76
1232,female,"35-44",20,20.85
1234,female,"18-24",15,19.93
1235,female,"25-34",21,19.9
1236,female,"25-34",18,17.44
1238,female,"25-34",18,21.22
1239,male,"35-44",28,19.57
1241,male,"18-24",17,21.24
1242,male,"35-44",25,20.08
1246,female,"25-34",26,19.15
1248,female,"18-24",27,21.15
1252,female,"25-34",29,18.79
1256,male,"35-44",15,19.07
1257,male,"25-34",24,20.63
1259,male,"25-34",24,19.67
1264,male,"25-34",22,20.09
1266,female,"25-34",18,19.78
1268,female,"18-24",19,19.16
1270,female,"18-24",19,19.53
1271,female,"35-44",27,19.22
1272,male,"25-34",17,19.35
1273,male,"25-34",12,19.67
1277,male,"25-34",22,19.59
1280,male,"35-44",26,20.54
1282,female,"25-34",26,20.46
1284,female,"25-34",28,20.61
1285,female,"35-44",20,19.3
1286,female,"25-34",18,20.78
1288,male,"25-34",24,20.54
1289,male,"25-34",16,21.06
1292,female,"35-44",16,20.31
1297,male,"25-34",20,19.45
1299,female,"25-34",25,20.08
1301,female,"25-34",30,20.3
1302,male,"18-24",15,18.93
1303,male,"25-34",22,20.18
1305,male,"18-24",24,20.29
1307,male,"25-34",14,20.57
1308,female,"25-34",29,20.48
1310,male,"25-34",20,21.55
1312,male,"25-34",15,21.13
1313,male,"25-34",17,19.18
1314,female,"35-44",22,20.32
1315,female,"25-34",18,20.44
1316,female,"35-44",21,19.67
1319,male,"35-44",17,19.47
1320,female,"18-24",15,19.67
1321,male,"25-34",20,21.0
1322,male,"25-34",21,21.0
1323,male,"25-34",22,19.73
1324,female,"25-34",22,21.14
1326,male,"25-34",20,19.2
1327,female,"25-34",20,20.1
1329,female,"25-34",25,20.6
1330,female,"25-34",23,20.65
1331,female,"25-34",22,20.05
1332,female,"25-34",20,20.25
1333,female,"25-34",24,19.21
1335,male,"25-34",19,20.37
1336,female,"25-34",25,20.52
1338,male,"25-34",22,20.91
1339,male,"25-34",23,20.65
1341,male,"35-44",25,20.56
1342,male,"25-34",20,20.75
1345,female,"25-34",20,20.15
1347,male,"25-34",24,20.38
1348,female,"18-24",20,20.15
1349,male,"25-34",19,20.68
1350,male,"35-44",20,20.3
1351,female,"25-34",26,20.15
1352,male,"35-44",30,20.57
1353,male,"25-34",23,21.52
1354,male,"18-24",21,19.71
1355,female,"25-34",18,20.78
1356,male,"25-34",21,20.0
1358,female,"25-34",21,20.05
1359,male,"25-34",23,20.83
1360,female,"25-34",20,19.7
1361,male,"25-34",16,20.06
1363,female,"25-34",17,19.88
1365,male,"35-44",26,20.0
1367,male,"35-44",15,21.0
1368,female,"25-34",17,19.29
1369,male,"25-34",22,19.59
1370,male,"18-24",24,19.21
1371,male,"25-34",25,19.92
1372,male,"25-34",20,21.6
1373,male,"25-34",22,20.14
1374,female,"25-34",17,20.59
1376,male,"18-24",19,18.95
1377,female,"25-34",33,20.67
1379,female,"25-34",27,19.85
1380,male,"25-34",21,20.24
1381,male,"25-34",22,19.68
1382,male,"25-34",29,20.1
1384,male,"35-44",20,19.85
1386,male,"18-24",20,19.6
1387,male,"25-34",16,18.94
1388,male,"25-34",24,20.46
1389,female,"25-34",22,20.32
1391,male,"25-34",20,20.8
1393,male,"25-34",12,20.42
1394,female,"25-34",23,19.52
1395,female,"25-34",24,18.79
1396,female,"25-34",28,20.21
1397,male,"25-34",27,19.93
1398,male,"25-34",22,19.0
1399,male,"25-34",18,19.67
1400,male,"25-34",20,18.65
1401,female,"25-34",19,20.47
1402,male,"25-34",11,18.55
1403,male,"25-34",19,19.68
1404,female,"18-24",18,19.89
1405,male,"25-34",25,19.36
1406,male,"25-34",14,19.07
1407,female,"25-34",15,19.27
1408,male,"25-34",18,20.89
1409,female,"25-34",32,20.78
1410,male,"25-34",15,19.2
1411,male,"25-34",27,20.19
1412,male,"25-34",21,19.95
1413,male,"18-24",23,19.61
1414,female,"25-34",29,20.31
1415,male,"25-34",15,18.6
1416,female,"25-34",15,18.0
1417,male,"25-34",13,19.31
1418,male,"25-34",24,20.13
1419,male,"25-34",16,20.94
1420,male,"35-44",12,20.5
1421,female,"25-34",23,20.43
1422,female,"25-34",12,20.17
1423,male,"25-34",19,19.58
1424,female,"25-34",22,20.18
1425,female,"25-34",17,20.76
1426,male,"25-34",16,18.94
1427,male,"25-34",10,21.3
1428,male,"25-34",18,20.33
1429,female,"25-34",13,18.54
1430,female,"35-44",22,20.27
1431,male,"25-34",27,19.96
1432,female,"25-34",14,19.07
1433,female,"25-34",23,19.91
1435,male,"25-34",30,18.43
1436,male,"35-44",26,20.38
1437,male,"25-34",18,20.67
1438,female,"25-34",21,19.52
1439,female,"25-34",29,20.17
1440,male,"25-34",14,19.93
1441,female,"35-44",20,19.75
1442,female,"35-44",14,21.07
1443,male,"35-44",22,19.32
1444,male,"25-34",24,20.25
1445,male,"35-44",23,20.17
1447,male,"25-34",31,19.77
1448,male,"25-34",22,18.91
1449,female,"25-34",21,20.1
1451,female,"25-34",18,21.0
1452,female,"25-34",13,21.08
1453,male,"25-34",21,19.38
1454,male,"35-44",24,19.04
1455,female,"25-34",20,21.7
1456,male,"25-34",12,21.0
1457,female,"25-34",23,19.87
1458,female,"18-24",29,20.24
1459,male,"25-34",19,19.26
1460,female,"35-44",22,20.0
1461,female,"25-34",15,19.07
1462,female,"45+",17,20.47
1463,female,"25-34",21,20.33
1464,female,"35-44",27,20.44
1465,male,"25-34",18,19.22
1466,male,"25-34",32,21.25
1468,male,"25-34",20,20.9
1469,male,"25-34",23,19.35
1470,male,"25-34",27,20.85
1471,female,"25-34",26,20.0
1472,male,"25-34",21,18.1
1473,female,"25-34",22,21.0
1474,male,"25-34",27,19.56
1475,male,"25-34",20,20.75
1476,female,"25-34",25,19.2
1477,male,"18-24",17,20.76
1478,female,"25-34",19,20.16
1479,male,"18-24",16,19.56
1480,male,"18-24",29,19.93
1481,male,"25-34",17,19.71
1482,male,"25-34",25,19.96
1483,male,"25-34",22,19.41
1484,female,"25-34",20,21.1
1485,male,"25-34",20,19.9
1486,female,"35-44",25,20.36
1488,female,"25-34",22,19.82
1489,male,"25-34",19,19.37
1490,female,"25-34",21,20.19
1491,male,"25-34",18,20.44
1492,female,"25-34",22,20.05
1493,female,"25-34",25,19.56
1494,male,"25-34",23,20.78
1495,female,"18-24",23,19.61
1496,male,"25-34",18,19.33
1497,male,"25-34",27,20.56
1498,female,"25-34",26,21.04
1499,male,"25-34",20,20.9
1500,female,"25-34",18,19.44
1501,male,"25-34",15,20.07
1502,male,"25-34",15,19.67
1503,male,"25-34",14,20.07
1504,female,"25-34",15,18.8
1505,female,"25-34",25,19.96
1506,male,"25-34",16,19.94
1509,male,"25-34",21,20.43
1510,male,"25-34",20,20.4
1511,male,"35-44",23,20.52
1512,male,"35-44",20,19.95
1513,male,"25-34",25,19.92
1514,male,"25-34",24,20.79
1516,female,"25-34",21,19.76
1517,male,"35-44",22,19.91
1518,male,"25-34",17,20.06
1519,male,"25-34",27,20.3
1520,female,"25-34",27,19.11
1521,male,"25-34",14,19.71
1522,male,"35-44",20,20.15
1523,female,"25-34",19,19.47
1524,female,"25-34",10,20.3
1526,male,"25-34",19,19.89
1527,female,"25-34",16,17.5
1528,male,"25-34",22,20.36
1529,female,"25-34",18,19.0
1530,male,"25-34",19,19.74
1531,female,"25-34",21,20.1
1532,male,"25-34",15,19.93
1533,male,"25-34",19,20.37
1534,female,"25-34",20,18.7
1535,female,"25-34",12,20.42
1536,male,"25-34",17,20.71
1537,male,"25-34",17,20.35
1538,female,"25-34",18,20.06
1539,female,"25-34",13,18.38
1540,male,"25-34",18,20.33
1541,female,"25-34",27,19.78
1542,female,"25-34",28,20.54
1543,male,"25-34",22,20.59
1544,male,"25-34",16,19.63
1545,male,"25-34",25,20.2
1546,male,"25-34",25,19.6
1547,male,"25-34",19,19.79
1548,male,"25-34",26,19.96
1549,male,"25-34",22,19.73
1550,male,"25-34",20,18.15
1551,female,"25-34",18,18.83
1552,female,"25-34",22,20.05
1554,male,"25-34",18,19.83
1555,male,"18-24",14,19.86
1556,male,"25-34",13,20.15
1557,male,"25-34",27,21.26
1558,male,"25-34",19,20.84
1559,male,"35-44",29,19.59
1560,female,"18-24",20,20.35
1561,male,"25-34",24,19.04
1562,male,"35-44",16,19.56
1563,male,"25-34",20,20.15
1564,female,"25-34",20,19.0
1565,female,"25-34",11,19.82
1566,female,"25-34",23,19.52
1567,male,"25-34",15,19.87
1568,male,"25-34",28,20.0
1569,male,"25-34",22,19.73
1570,male,"18-24",17,20.82
1571,male,"35-44",20,19.85
1572,male,"25-34",17,19.71
1573,male,"18-24",23,20.22
1574,female,"25-34",20,18.75
1575,male,"25-34",20,20.7
1576,male,"25-34",14,19.71
1577,male,"25-34",29,19.52
1578,female,"25-34",25,18.76
1580,male,"25-34",21,19.67
1581,male,"25-34",24,19.83
1582,female,"45+",27,19.56
1583,male,"25-34",29,20.07
1584,male,"25-34",14,20.07
1585,male,"25-34",20,20.8
1586,female,"25-34",15,19.93
1588,male,"25-34",24,20.83
1589,male,"25-34",15,20.13
1590,male,"25-34",24,18.88
1591,male,"25-34",21,19.81
1592,female,under 18,19,20.37
1593,male,"25-34",20,19.8
1594,female,"25-34",16,21.13
1595,male,"35-44",16,19.31
1596,female,"25-34",21,20.52
1597,male,"25-34",23,19.96
1598,male,"25-34",14,19.14
1599,female,"25-34",22,20.0
1600,male,"25-34",19,19.32
1601,female,"25-34",18,19.94
1602,female,"25-34",16,19.19
1603,female,"25-34",20,20.9
1604,male,"35-44",23,19.74
1605,male,"18-24",22,20.73
1606,male,"25-34",14,19.14
1607,male,"25-34",14,18.5
1608,female,"25-34",15,21.47
1609,female,"18-24",16,19.81
1610,female,"25-34",13,19.69
1611,female,"25-34",15,19.47
1612,male,"25-34",20,20.45
1613,female,"25-34",16,20.13
1614,female,"25-34",18,19.67
1615,female,"25-34",21,20.19
1616,female,"25-34",22,19.86
1617,male,"25-34",17,19.76
1618,male,"25-34",11,20.45
1619,male,"25-34",14,20.07
1620,female,"35-44",17,20.0
1621,female,"35-44",15,19.67
1622,female,"18-24",16,19.0
1623,female,"35-44",16,20.06
1624,female,"25-34",18,20.0
1625,female,"25-34",15,21.07
1626,male,"35-44",17,19.29
1627,male,"25-34",20,20.75
1628,male,"25-34",16,20.94
1629,female,"18-24",13,20.38
1631,male,"25-34",15,20.33
1632,male,"25-34",17,20.41
1633,male,"25-34",19,19.68
1634,male,"18-24",17,20.65
1635,female,"25-34",20,20.15
1636,male,"25-34",19,20.05
1637,male,"25-34",13,21.08
1638,female,"18-24",22,19.5
1639,female,"25-34",15,19.4
1640,male,"25-34",15,20.07
1641,female,"25-34",13,19.38
1642,male,"25-34",11,20.64
1643,male,"25-34",18,19.5
1644,female,"45+",18,19.44
1645,male,"25-34",18,19.44
1646,male,"25-34",13,19.38
1647,male,"25-34",18,19.78
1648,male,"35-44",15,19.47
1649,female,"25-34",15,19.73
1650,female,"25-34",18,20.72
1651,male,"25-34",20,20.5
1652,male,"45+",25,19.6
1653,female,"25-34",16,18.5
1654,male,"25-34",19,19.11
1655,female,"25-34",12,19.83
1656,male,"25-34",16,20.25
1657,female,"35-44",23,20.13
1658,male,"35-44",15,20.0
1659,male,"35-44",17,19.59
1660,female,"25-34",24,19.96
1661,male,"35-44",15,21.07
1662,male,"35-44",17,20.53
1663,female,"18-24",18,19.89
1664,male,"25-34",31,19.9
1665,male,"25-34",20,21.2
1666,male,"25-34",15,21.67
1667,female,"25-34",16,20.0
1668,female,"25-34",14,20.64
1669,female,"25-34",19,18.84
1670,female,"25-34",20,20.3
1671,male,"25-34",20,20.6
1672,male,"25-34",21,21.05
1673,male,"25-34",14,21.5
1674,male,"25-34",14,19.36
1675,male,"25-34",16,18.88
1676,female,"25-34",17,19.06
1677,female,"25-34",14,19.64
1678,female,"25-34",21,20.76
1679,male,"25-34",14,19.36
1680,male,"25-34",19,21.16
1681,male,"25-34",10,19.2
1682,male,"25-34",17,19.24
1683,female,"35-44",16,20.44
1685,male,"25-34",19,19.37
1686,male,"25-34",20,20.1
1687,male,"25-34",13,20.31
1688,male,"25-34",17,19.71
1689,male,"25-34",20,21.35
1690,male,"18-24",14,21.21
1691,male,"25-34",19,19.32
1692,female,"25-34",22,19.91
1693,male,"25-34",15,19.4
1694,female,"25-34",13,18.15
1695,male,"25-34",21,20.0
1696,male,"18-24",14,19.0
1697,male,"35-44",22,19.77
1698,male,"25-34",17,20.24
1699,female,"25-34",21,20.57
1700,female,"45+",16,19.94
1701,male,"25-34",16,20.0
1702,female,"25-34",16,20.94
1703,male,"25-34",23,19.3
1704,male,"25-34",23,19.74
1705,male,"25-34",18,19.44
1706,female,"25-34",13,20.08
1707,male,"25-34",13,19.31
1708,female,"25-34",20,21.05
1710,female,"25-34",26,19.92
1711,female,"25-34",13,20.46
1712,male,"25-34",18,19.67
1713,female,"25-34",16,20.5
1715,male,"25-34",23,19.48
1716,male,"25-34",15,20.8
1717,male,"25-34",15,19.93
1718,female,"25-34",16,18.94
1719,female,"18-24",19,19.79
1720,female,"25-34",18,19.39
1722,male,"18-24",15,21.4
1723,male,"25-34",14,18.79
1724,male,"25-34",16,20.63
1725,female,"18-24",24,19.79
1726,female,"25-34",14,20.0
1727,male,"25-34",19,19.58
1728,female,"25-34",17,19.24
1730,male,"18-24",23,19.96
1731,female,"25-34",12,19.83
1732,female,"25-34",12,21.58
1733,male,"25-34",22,19.86
1734,male,"25-34",17,18.47
1735,male,"25-34",14,21.64
1736,male,"25-34",12,19.83
1738,male,"25-34",18,18.56
1739,female,"18-24",16,19.81
1740,male,"35-44",19,19.32
1741,female,under 18,22,21.36
1742,male,"25-34",15,18.27
1743,male,"25-34",26,20.19
1744,male,"25-34",13,20.23
1746,male,"18-24",10,20.7
1747,female,"25-34",27,19.15
1749,female,"25-34",17,20.06
1750,female,"25-34",13,21.31
1751,male,"35-44",10,19.2
1752,male,"35-44",18,20.17
1753,male,"25-34",21,19.86
1754,male,"25-34",17,19.71
1755,female,"25-34",20,19.7
1756,female,"45+",26,20.42
1757,male,"25-34",18,20.94
1758,male,"25-34",20,20.7
1759,female,"35-44",12,19.5
1760,female,"25-34",15,20.2
1761,female,"25-34",13,19.69
1762,male,"25-34",14,20.14
1763,male,"25-34",21,20.67
1764,female,"25-34",21,20.38
1765,male,"25-34",16,18.81
1766,male,"18-24",29,19.38
1767,male,"25-34",17,20.0
1768,male,"25-34",26,19.12
1769,female,"25-34",12,20.67
1770,male,"25-34",17,19.29
1771,female,"25-34",18,19.94
1772,female,"25-34",17,19.94
1773,male,"25-34",11,19.91
1774,female,"25-34",20,19.95
1775,male,"25-34",16,20.5
1776,male,"25-34",14,19.14
1777,female,"25-34",21,19.9
1778,male,"25-34",17,19.06
1779,female,"25-34",28,19.64
1780,male,"25-34",21,19.71
1783,male,"25-34",14,19.43
1784,male,"25-34",23,19.52
1785,male,"35-44",12,18.92
1786,male,"35-44",14,20.57
1787,female,"25-34",17,20.41
1788,male,"25-34",16,20.38
1789,male,"25-34",20,20.05
1790,male,"18-24",23,20.43
1791,male,"35-44",16,19.88
1792,male,"25-34",25,20.72
1793,female,"35-44",17,20.0
1794,male,"18-24",16,19.5
1795,female,"25-34",13,20.23
1796,male,"35-44",16,19.75
1797,male,"25-34",18,20.56
1798,male,"18-24",13,19.69
1799,male,"35-44",21,18.24
1800,male,"25-34",13,18.08
1801,female,"25-34",13,20.85
1802,male,"25-34",17,19.53
1803,female,"35-44",17,18.82
1804,male,"25-34",16,18.69
1805,female,"25-34",20,20.55
1806,female,"25-34",14,19.93
1807,female,"25-34",13,20.0
1808,male,"25-34",15,20.27
1809,male,"25-34",20,20.5
1810,male,"45+",16,19.75
1811,female,"18-24",20,19.1
1812,male,"25-34",19,21.21
1813,male,"25-34",14,19.57
1814,male,"25-34",16,20.56
1815,male,"25-34",12,20.58
1816,male,"25-34",14,20.43
1817,male,"25-34",16,18.81
1818,male,"18-24",17,19.88
1819,male,"25-34",14,20.14
1820,male,"25-34",16,20.63
1821,female,"25-34",12,18.92
1822,female,"25-34",11,20.64
1823,female,"35-44",16,19.19
1824,female,"25-34",14,20.21
1825,female,"18-24",17,18.71
1827,male,"25-34",16,19.5
1828,female,"35-44",14,20.21
1829,female,"25-34",20,20.3
1830,female,"25-34",10,20.9
1831,female,"25-34",13,20.54
1832,female,"35-44",16,20.88
1833,male,"25-34",18,19.0
1834,male,"25-34",16,19.5
1835,male,"25-34",15,20.0
1836,female,"18-24",18,20.0
1837,male,"18-24",21,20.67
1838,male,"25-34",20,20.75
1839,female,"25-34",13,19.85
1840,female,"25-34",16,21.56
1841,female,"25-34",17,19.88
1842,male,"25-34",20,19.0
1843,female,"25-34",15,19.67
1844,female,"18-24",19,19.84
1845,female,"25-34",13,19.08
1846,male,"25-34",14,19.0
1847,male,"25-34",16,19.25
1848,female,"25-34",11,18.73
1849,female,"25-34",11,20.09
1850,male,"25-34",12,18.08
1852,male,"18-24",18,19.39
1854,male,"25-34",10,21.2
1855,male,"25-34",13,20.38
1856,female,"25-34",16,19.0
1857,male,"25-34",11,19.64
1858,female,"25-34",12,20.42
1859,female,"35-44",17,19.35
1860,male,"25-34",14,20.21
1861,female,"25-34",15,19.87
1862,male,"25-34",15,19.67
1863,male,"25-34",13,20.46
1864,female,"25-34",17,19.76
1865,female,"25-34",15,18.47
1866,male,"25-34",11,18.91
1867,male,"25-34",10,18.8
1868,male,"25-34",15,20.4
1869,male,"35-44",10,18.4
1870,female,"35-44",13,19.15
1871,male,"35-44",14,20.57
1872,male,"35-44",16,20.56
1873,female,"25-34",15,20.0
1874,female,"35-44",17,20.24
1875,male,"25-34",17,19.82
1876,male,"35-44",16,20.13
1877,female,"25-34",18,20.44
1878,male,"25-34",14,21.36
1879,male,"25-34",18,19.5
1880,male,"35-44",15,21.0
1882,male,"25-34",16,18.25
1883,female,"25-34",14,20.64
1884,female,"25-34",24,19.54
1885,female,under 18,17,18.59
1886,male,"35-44",10,19.6
1887,male,"35-44",20,20.05
1888,male,"25-34",11,19.09
1889,male,"35-44",15,18.53
1890,male,"25-34",21,20.38
1891,female,"35-44",23,19.96
1892,male,"25-34",14,19.21
1893,male,"18-24",20,20.05
1894,female,"25-34",15,20.47
1895,male,"25-34",16,20.38
1896,male,"35-44",10,18.3
1897,female,"25-34",12,20.42
1898,male,"25-34",15,19.33
1899,male,"25-34",19,19.42
1900,female,"18-24",19,20.42
1901,male,"25-34",12,20.33
1902,female,"25-34",19,20.16
1903,female,"25-34",16,20.81
1904,female,"25-34",10,21.1
1905,male,"25-34",13,19.46
1906,male,"25-34",21,21.14
1907,female,"18-24",14,20.64
1908,male,"25-34",12,19.0
1909,female,"25-34",21,19.81
1910,female,"35-44",17,20.0
1911,male,"25-34",21,21.14
1912,male,"25-34",14,18.29
1913,female,"25-34",11,21.18
1914,female,"18-24",17,20.76
1915,male,"35-44",11,20.91
1916,male,"18-24",13,19.31
1917,male,"25-34",16,18.75
1918,female,"25-34",11,19.27
1920,male,"25-34",17,20.65
1921,male,"25-34",15,20.07
1922,male,"25-34",15,19.33
1923,male,"25-34",15,20.0
1924,male,"25-34",17,19.94
1925,male,"25-34",14,20.93
1926,female,"25-34",20,19.55
1927,male,"25-34",12,19.17
1928,female,"25-34",13,19.69
1929,female,"25-34",16,19.63
1930,male,"25-34",13,20.0
1931,female,"25-34",14,19.71
1932,male,"25-34",14,19.64
1934,male,"18-24",18,19.72
1935,female,"25-34",14,19.21
1936,male,"25-34",12,20.08
1937,female,"18-24",15,19.2
1938,male,"25-34",21,20.67
1939,male,"25-34",18,20.5
1941,male,"25-34",16,20.25
1942,male,"25-34",16,18.75
1943,male,"25-34",18,20.56
1944,male,"35-44",19,19.84
1945,female,"25-34",17,18.18
1946,female,"25-34",15,19.07
1947,male,"35-44",19,19.89
1948,female,"25-34",12,20.5
1949,female,"25-34",17,19.59
1950,female,"25-34",18,18.33
1951,female,"18-24",19,18.74
1952,male,"25-34",16,20.81
1953,male,"25-34",15,19.8
1954,female,"18-24",16,20.44
1955,male,"25-34",22,19.09
1957,male,"25-34",12,18.83
1958,female,"18-24",10,19.8
1960,male,"25-34",17,21.41
1961,male,"25-34",20,19.9
1962,male,"25-34",13,19.62
1963,male,"25-34",17,20.94
1964,male,"25-34",14,19.43
1965,male,"25-34",15,19.67
1966,male,"25-34",16,20.75
1967,male,"25-34",16,20.88
1968,male,"35-44",17,20.24
1969,female,"18-24",11,19.64
1970,male,"25-34",13,18.0
1971,male,"18-24",12,21.08
1972,female,"35-44",16,20.19
1973,male,"35-44",22,21.09
1974,male,"25-34",17,20.41
1975,male,"25-34",17,20.29
1976,male,"25-34",19,21.0
1977,female,"25-34",16,19.63
1978,female,"25-34",11,21.82
1979,male,"35-44",25,19.56
1980,female,"18-24",22,20.55
1981,male,"25-34",17,19.76
1982,male,"25-34",20,20.0
1983,female,"25-34",15,19.53
1984,female,"18-24",13,18.08
1985,female,"25-34",15,19.87
1987,male,"25-34",17,20.0
1988,male,"35-44",20,20.7
1989,female,"25-34",10,19.3
1990,male,"35-44",13,22.31
1991,male,"25-34",12,20.5
1992,female,"35-44",20,19.75
1993,female,"18-24",13,21.23
1995,male,"25-34",14,20.0
1996,female,"35-44",13,19.15
2000,male,"25-34",12,20.67
2003,female,"18-24",12,19.0
2004,male,"25-34",18,20.39
2005,male,"35-44",14,19.07
2006,male,"25-34",15,19.73
2007,male,"25-34",11,19.55
2009,male,"25-34",15,19.73
2010,male,"25-34",13,19.77
2012,female,"25-34",15,19.73
2015,female,"25-34",15,19.67
2016,male,"25-34",17,20.18
2018,male,"25-34",14,20.93
2019,male,"18-24",14,18.86
2020,female,"25-34",10,20.5
2021,female,"25-34",11,20.36
2022,female,"35-44",19,19.68
2023,female,"25-34",12,20.17
2024,male,"18-24",18,19.94
2025,male,"25-34",14,19.79
2026,female,"25-34",14,20.93
2027,male,"25-34",12,21.0
2030,female,"25-34",12,20.92
2031,male,"25-34",18,19.83
2032,male,"35-44",11,21.18
2033,female,"25-34",15,20.4
2034,female,"35-44",12,20.83
2036,male,"25-34",10,20.6
2037,female,"25-34",13,21.0
2038,female,"25-34",10,20.8
2039,female,"25-34",14,18.93
2040,male,"25-34",14,19.64
2041,male,"25-34",11,18.45
2042,male,"25-34",10,19.6
2043,female,"25-34",15,21.0
2044,male,"25-34",12,20.17
2046,female,"25-34",10,20.9
2048,male,"25-34",16,19.31
2050,female,"25-34",14,18.93
2051,male,"35-44",13,20.08
2052,male,"25-34",18,20.0
2053,female,"35-44",13,20.69
2054,male,"35-44",14,19.79
2055,male,"25-34",14,19.14
2056,female,"35-44",16,21.38
2057,male,"25-34",12,19.5
2058,male,"18-24",10,20.7
2059,female,"25-34",13,20.15
2060,female,"25-34",11,19.82
2061,male,"25-34",14,20.64
2062,male,"25-34",16,20.5
2063,female,"35-44",16,19.56
2065,female,"25-34",24,20.33
2066,male,"25-34",14,19.93
2067,male,"25-34",13,19.92
2069,female,"35-44",13,20.31
2070,female,"25-34",12,19.83
2071,female,"25-34",12,18.92
2074,male,"25-34",10,21.1
2075,male,"25-34",17,18.41
2076,male,"25-34",10,19.4
2077,male,"18-24",18,20.28
2079,female,"18-24",10,21.0
2080,female,"25-34",15,18.8
2081,female,"18-24",23,19.3
2082,male,"25-34",16,19.44
2083,female,"25-34",12,20.58
2084,female,"25-34",16,19.38
2086,male,"25-34",15,19.8
2087,female,"25-34",12,18.92
2088,female,"25-34",14,19.29
2089,female,"25-34",21,19.76
2091,female,"45+",14,19.93
2092,female,"25-34",19,21.05
2094,female,"25-34",12,18.75
2095,male,"25-34",16,19.69
2096,male,"25-34",15,20.27
2098,male,"25-34",13,20.23
2099,female,"25-34",10,22.0
2100,female,"25-34",14,21.21
2102,male,"25-34",15,19.33
2103,male,"18-24",11,20.64
2104,female,"25-34",11,20.55
2105,female,"18-24",11,19.91
2107,male,"25-34",12,18.67
2108,female,"25-34",11,19.45
2109,male,"18-24",14,19.93
2110,male,"25-34",10,21.8
2111,female,"25-34",12,20.75
2112,female,"35-44",15,20.47
2113,female,"25-34",15,21.73
2114,male,"25-34",14,20.14
2115,male,"25-34",11,20.91
2117,male,"25-34",14,19.36
2118,female,"25-34",12,21.0
2119,male,"25-34",10,19.8
2120,male,"25-34",11,19.27
2122,male,"25-34",15,20.87
2123,male,"25-34",20,19.15
2124,male,"25-34",15,21.4
2128,female,"45+",14,19.14
2129,female,"18-24",14,21.43
2130,male,"25-34",12,21.75
2131,male,"25-34",11,21.91
2134,female,"25-34",13,20.54
2135,male,"25-34",16,20.25
2137,male,"25-34",20,20.15
2138,male,"25-34",20,20.5
2140,male,"25-34",13,20.23
2141,male,"45+",16,20.13
2143,female,"25-34",14,19.93
2144,female,"25-34",18,19.72
2145,female,"25-34",19,20.21
2146,female,"18-24",12,19.92
2148,male,"25-34",16,19.75
2149,male,"25-34",10,19.5
2150,male,"25-34",14,20.5
2151,female,"25-34",21,20.0
2152,female,"18-24",13,20.69
2153,male,"25-34",19,19.68
2154,male,"35-44",12,18.75
2155,male,"25-34",10,21.0
2156,male,"25-34",13,19.62
2157,male,"25-34",11,20.73
2158,male,"25-34",11,19.27
2159,male,"25-34",15,20.27
2160,male,"25-34",12,19.42
2161,female,"25-34",12,20.92
2162,male,under 18,16,19.88
2164,male,"25-34",16,18.81
2165,female,"18-24",13,20.0
2166,male,"25-34",11,21.91
2167,female,"35-44",12,20.33
2169,male,"25-34",14,20.36
2170,male,"25-34",10,19.6
2172,male,"25-34",14,20.14
2174,male,"25-34",10,18.1
2176,female,"25-34",10,20.8
2179,male,"25-34",10,21.0
2180,male,"25-34",17,20.24
2181,female,"25-34",13,20.0
2182,male,"35-44",11,21.45
2186,male,"25-34",12,20.08
2192,female,"25-34",13,20.38
2193,female,"25-34",10,20.4
2194,male,"18-24",10,19.0
2195,male,"25-34",14,20.86
2197,male,"25-34",11,20.55
2200,female,"35-44",11,20.27
2202,male,"25-34",10,20.0
2203,male,"25-34",18,19.83
2210,female,"25-34",10,19.1
2212,male,"45+",11,20.18
2213,male,"25-34",11,19.82
2214,male,"25-34",12,20.67
2216,female,"25-34",10,18.9
2218,female,"18-24",11,19.73
2221,female,"25-34",15,20.47
2222,female,"25-34",11,19.73
2225,male,"25-34",15,20.13
2226,male,"35-44",14,19.21
2227,male,"25-34",13,19.92
2231,female,"25-34",13,20.31
2232,male,"25-34",12,19.0
2233,male,"45+",12,20.83
2235,female,"25-34",15,20.47
2236,female,"25-34",10,18.5
2238,male,"25-34",12,17.83
2242,male,"25-34",10,20.8
2245,female,"25-34",13,21.46
2247,male,"18-24",14,20.0
2248,male,"25-34",10,20.6
2249,male,"25-34",11,19.45
2251,female,"25-34",12,18.75
2252,male,"25-34",11,20.36
2254,female,"25-34",17,19.12
2256,male,"25-34",10,19.4
2257,male,"25-34",11,18.82
2260,female,"25-34",13,19.31
2261,male,"25-34",12,19.67
2262,male,"25-34",13,20.0
2263,male,"25-34",13,20.46
2266,male,"25-34",11,19.55
2269,female,"25-34",11,20.64
2270,female,"35-44",10,20.5
2271,male,"18-24",12,20.67
2275,female,"35-44",14,21.21
2280,female,"25-34",14,19.21
2282,male,"25-34",11,19.82
2283,female,"35-44",11,19.82
2285,male,"18-24",13,20.38
2286,male,"25-34",11,18.27
2287,male,"25-34",13,20.54
2289,male,"18-24",13,19.0
2292,male,"35-44",11,18.36
2293,female,"35-44",12,19.92
2297,female,"25-34",10,19.2
2298,male,"25-34",11,19.64
2302,female,"25-34",11,21.45
2303,female,"25-34",10,19.7
2306,female,"25-34",15,19.33
2308,male,"18-24",10,20.1
2309,female,"25-34",13,19.85
2314,male,"25-34",11,19.91
2315,male,"25-34",12,19.5
2316,male,"25-34",11,19.0
2318,female,"25-34",11,18.64
2325,male,"25-34",14,20.79
2328,male,"25-34",11,19.73
2330,male,"25-34",10,19.3
2333,male,"25-34",12,19.33
2334,male,"35-44",17,20.47
2338,female,"35-44",13,19.92
2340,female,"25-34",12,21.42
2342,female,"25-34",11,20.64
2347,female,"25-34",13,19.85
2349,male,"25-34",13,21.62
2350,male,"25-34",10,19.4
2351,male,"18-24",14,18.57
2353,male,"25-34",20,19.4
2356,male,"25-34",10,21.0
2358,male,"25-34",10,19.5
2360,female,"25-34",16,19.25
2363,male,"25-34",13,20.77
2364,male,"18-24",14,18.64
2366,male,"25-34",15,19.07
2368,male,"25-34",10,20.0
2369,male,"25-34",18,19.33
2370,male,"25-34",11,20.55
2373,male,"25-34",18,20.22
2374,male,"25-34",10,22.0
2375,male,"25-34",14,21.21
2395,male,"25-34",14,20.36
2421,male,"35-44",12,19.08
2423,male,"18-24",12,20.67
2437,male,"25-34",11,19.18
2440,female,"25-34",10,18.4
2445,male,"25-34",10,21.7
2447,male,"25-34",11,19.27
2456,male,"18-24",10,21.4
2465,male,"25-34",10,20.9
2469,female,"18-24",10,20.6
2470,female,"35-44",15,18.93
2480,male,"25-34",10,20.1
2497,male,"18-24",10,20.3
2515,male,"25-34",10,21.8
2527,male,"18-24",10,19.9
2540,male,"25-34",12,20.33
2558,male,"25-34",10,20.2
2580,male,"25-34",10,19.2
2820,male,"25-34",10,19.5
